{
  "conds.gen.prompt_token": {
    "shape": [
      1,
      250
    ],
    "dtype": "int32",
    "min": 41.0,
    "max": 6534.0,
    "mean": 3469.944,
    "std": 1897.1987995104782,
    "first_10": [
      875.0,
      4299.0,
      4218.0,
      4218.0,
      4299.0,
      4299.0,
      4218.0,
      4299.0,
      4218.0,
      3903.0
    ],
    "last_5": [
      4520.0,
      1441.0,
      2112.0,
      2166.0,
      706.0
    ]
  },
  "conds.gen.prompt_token_len": {
    "shape": [
      1
    ],
    "dtype": "int32",
    "min": 250.0,
    "max": 250.0,
    "mean": 250.0,
    "std": 0.0,
    "first_10": [
      250.0
    ],
    "last_5": [
      250.0
    ]
  },
  "conds.gen.prompt_feat": {
    "shape": [
      1,
      500,
      80
    ],
    "dtype": "float32",
    "min": -10.713311195373535,
    "max": 1.472856044769287,
    "mean": -4.590821266174316,
    "std": 1.8929725885391235,
    "first_10": [
      -7.406608581542969,
      -7.591707229614258,
      -8.02773666381836,
      -7.695842266082764,
      -6.712087631225586,
      -6.159564971923828,
      -6.287529468536377,
      -7.075099468231201,
      -6.947811126708984,
      -6.635105133056641
    ],
    "last_5": [
      -7.430812835693359,
      -7.103963851928711,
      -6.398154258728027,
      -5.800957679748535,
      -6.031149864196777
    ]
  },
  "conds.gen.embedding": {
    "shape": [
      1,
      192
    ],
    "dtype": "float32",
    "min": -2.7761800289154053,
    "max": 2.315075397491455,
    "mean": -0.07025361806154251,
    "std": 0.9995108842849731,
    "first_10": [
      -0.9223556518554688,
      1.0623986721038818,
      0.2462729513645172,
      -1.4045993089675903,
      0.8895986676216125,
      -0.7630748748779297,
      -0.20318105816841125,
      -0.5397994518280029,
      -0.7194221615791321,
      0.2151975780725479
    ],
    "last_5": [
      0.7285473942756653,
      0.9155182838439941,
      -0.21607767045497894,
      -0.7872064709663391,
      1.0649075508117676
    ]
  },
  "test_speech_tokens": {
    "shape": [
      1,
      30
    ],
    "dtype": "int32",
    "min": 41.0,
    "max": 6401.0,
    "mean": 3081.1666666666665,
    "std": 1861.2522322947586,
    "first_10": [
      875.0,
      4299.0,
      4218.0,
      4218.0,
      4299.0,
      4299.0,
      4218.0,
      4299.0,
      4218.0,
      3903.0
    ],
    "last_5": [
      2771.0,
      4318.0,
      276.0,
      2724.0,
      6074.0
    ]
  },
  "test_speech_tokens_values": [
    875,
    4299,
    4218,
    4218,
    4299,
    4299,
    4218,
    4299,
    4218,
    3903,
    2031,
    4299,
    2112,
    168,
    2381,
    6401,
    6320,
    3890,
    216,
    41,
    44,
    1520,
    1785,
    1836,
    4382,
    2771,
    4318,
    276,
    2724,
    6074
  ],
  "spk_emb_projected": {
    "shape": [
      1,
      80
    ],
    "dtype": "float32",
    "min": -0.20391178131103516,
    "max": 0.24532020092010498,
    "mean": -0.006211993284523487,
    "std": 0.08320413529872894,
    "first_10": [
      0.09635213762521744,
      0.020627636462450027,
      0.043385718017816544,
      -0.09604162722826004,
      0.24532020092010498,
      0.042686935514211655,
      -0.03126563876867294,
      -0.04668491333723068,
      -0.07322958111763,
      -0.0504743717610836
    ],
    "last_5": [
      0.03872710466384888,
      -0.013289127498865128,
      0.04019052907824516,
      -0.10752798616886139,
      -0.09644996374845505
    ]
  },
  "combined_token": {
    "shape": [
      1,
      280
    ],
    "dtype": "int32",
    "min": 41.0,
    "max": 6534.0,
    "mean": 3428.2892857142856,
    "std": 1897.1945637552167,
    "first_10": [
      875.0,
      4299.0,
      4218.0,
      4218.0,
      4299.0,
      4299.0,
      4218.0,
      4299.0,
      4218.0,
      3903.0
    ],
    "last_5": [
      2771.0,
      4318.0,
      276.0,
      2724.0,
      6074.0
    ]
  },
  "combined_token_len": {
    "shape": [
      1
    ],
    "dtype": "int32",
    "min": 280.0,
    "max": 280.0,
    "mean": 280.0,
    "std": 0.0,
    "first_10": [
      280.0
    ],
    "last_5": [
      280.0
    ]
  },
  "token_emb": {
    "shape": [
      1,
      280,
      512
    ],
    "dtype": "float32",
    "min": -1.829245924949646,
    "max": 1.832603931427002,
    "mean": -0.0011848877184092999,
    "std": 0.4133179485797882,
    "first_10": [
      -0.6859036087989807,
      0.4627959430217743,
      -0.8181808590888977,
      -0.4177948832511902,
      0.31804484128952026,
      0.24864870309829712,
      -0.4009013772010803,
      0.08561472594738007,
      0.6453617215156555,
      0.7265259623527527
    ],
    "last_5": [
      0.34318774938583374,
      -0.6114474534988403,
      0.3561243712902069,
      -0.7889942526817322,
      -0.10740332305431366
    ]
  },
  "encoder_out_h": {
    "shape": [
      1,
      560,
      512
    ],
    "dtype": "float32",
    "min": -3.5076141357421875,
    "max": 2.8437883853912354,
    "mean": 0.0014645272167399526,
    "std": 0.31623053550720215,
    "first_10": [
      0.46003490686416626,
      0.030508166179060936,
      0.08412794768810272,
      -0.1752714365720749,
      -0.35377731919288635,
      -0.1369510442018509,
      0.37292227149009705,
      0.20893476903438568,
      -0.001105775241740048,
      0.5989518761634827
    ],
    "last_5": [
      -0.1587059050798416,
      -0.2577213644981384,
      -0.11730924993753433,
      -0.2528170645236969,
      0.17060020565986633
    ]
  },
  "mel_len1_prompt": 500,
  "mel_len2_gen": 60,
  "h_lengths": 560,
  "encoder_proj_h": {
    "shape": [
      1,
      560,
      80
    ],
    "dtype": "float32",
    "min": -1.8596880435943604,
    "max": 1.8332077264785767,
    "mean": 0.0023844449315220118,
    "std": 0.45951035618782043,
    "first_10": [
      0.5319800972938538,
      -0.7033100724220276,
      0.7761257886886597,
      0.03052767738699913,
      0.33941271901130676,
      0.14288879930973053,
      0.018418744206428528,
      0.1825450360774994,
      0.18850106000900269,
      0.2534336447715759
    ],
    "last_5": [
      0.842155933380127,
      0.34354397654533386,
      -1.0497695207595825,
      -0.12036372721195221,
      -0.6134732365608215
    ]
  },
  "conds_signal": {
    "shape": [
      1,
      80,
      560
    ],
    "dtype": "float32",
    "min": -10.713311195373535,
    "max": 1.472856044769287,
    "mean": -4.098947525024414,
    "std": 2.283764362335205,
    "first_10": [
      -7.406608581542969,
      -7.696630954742432,
      -7.899672508239746,
      -7.742816925048828,
      -7.577822208404541,
      -7.403318405151367,
      -7.372971534729004,
      -7.76243782043457,
      -7.43396520614624,
      -7.206217288970947
    ],
    "last_5": [
      0.0,
      0.0,
      0.0,
      0.0,
      0.0
    ]
  },
  "dec_mask": {
    "shape": [
      1,
      1,
      560
    ],
    "dtype": "float32",
    "min": 1.0,
    "max": 1.0,
    "mean": 1.0,
    "std": 0.0,
    "first_10": [
      1.0,
      1.0,
      1.0,
      1.0,
      1.0,
      1.0,
      1.0,
      1.0,
      1.0,
      1.0
    ],
    "last_5": [
      1.0,
      1.0,
      1.0,
      1.0,
      1.0
    ]
  },
  "mu": {
    "shape": [
      1,
      80,
      560
    ],
    "dtype": "float32",
    "min": -1.8596880435943604,
    "max": 1.8332077264785767,
    "mean": 0.0023844449315220118,
    "std": 0.45951035618782043,
    "first_10": [
      0.5319800972938538,
      0.24883818626403809,
      0.14894749224185944,
      0.148686945438385,
      0.09713485836982727,
      0.14544178545475006,
      0.16549664735794067,
      0.21815073490142822,
      0.2285120189189911,
      0.20917081832885742
    ],
    "last_5": [
      -0.4767765998840332,
      0.04890783876180649,
      0.4443037211894989,
      -0.20291778445243835,
      -0.6134732365608215
    ]
  },
  "noised_mels": {
    "shape": [
      1,
      80,
      60
    ],
    "dtype": "float32",
    "min": -3.9382574558258057,